ds,trend,yhat_lower,yhat_upper,trend_lower,trend_upper,additive_terms,additive_terms_lower,additive_terms_upper,weekly,weekly_lower,weekly_upper,yearly,yearly_lower,yearly_upper,multiplicative_terms,multiplicative_terms_lower,multiplicative_terms_upper,yhat
2022-07-13,113.1054,103.8119805630161,141.0816358748278,113.1054,113.1054,10.416685485041915,10.416685485041915,10.416685485041915,3.269522343397578,3.269522343397578,3.269522343397578,7.147163141644336,7.147163141644336,7.147163141644336,0.0,0.0,0.0,123.52208548504191
2022-07-15,113.17323492063491,105.89719559265895,144.6828996504126,113.17323492063491,113.17323492063491,12.275287837858494,12.275287837858494,12.275287837858494,3.4712461141187068,3.4712461141187068,3.4712461141187068,8.804041723739786,8.804041723739786,8.804041723739786,0.0,0.0,0.0,125.44852275849341
2022-07-18,113.27498730158729,104.12367322208955,142.51350622894597,113.27498730158729,113.27498730158729,10.459297815470435,10.459297815470435,10.459297815470435,-0.41008393995018294,-0.41008393995018294,-0.41008393995018294,10.869381755420617,10.869381755420617,10.869381755420617,0.0,0.0,0.0,123.73428511705772
2022-07-20,113.34282222222222,110.27306736652226,147.48535327332888,113.34282222222222,113.34282222222222,15.070692311814604,15.070692311814604,15.070692311814604,3.2695223433927847,3.2695223433927847,3.2695223433927847,11.80116996842182,11.80116996842182,11.80116996842182,0.0,0.0,0.0,128.41351453403684
2022-07-29,113.64807936507937,107.95608084358894,146.3434972901975,113.64807936507937,113.64807936507937,13.683956826274418,13.683956826274418,13.683956826274418,3.4712461141255186,3.4712461141255186,3.4712461141255186,10.212710712148901,10.212710712148901,10.212710712148901,0.0,0.0,0.0,127.33203619135378
2022-08-01,113.74983174603175,102.39382447603121,140.56076600660222,113.74983174603175,113.74983174603175,7.567190007114758,7.567190007114758,7.567190007114758,-0.41008393993957765,-0.41008393993957765,-0.41008393993957765,7.977273947054334,7.977273947054334,7.977273947054334,0.0,0.0,0.0,121.3170217531465
2022-08-03,113.81766666666667,103.76361521024678,142.47322991178342,113.81766666666667,113.81766666666667,9.587217408149423,9.587217408149423,9.587217408149423,3.269522343389073,3.269522343389073,3.269522343389073,6.317695064760348,6.317695064760348,6.317695064760348,0.0,0.0,0.0,123.4048840748161
2022-08-05,113.88550158730159,102.87785582515237,141.5693815475276,113.88550158730159,113.88550158730159,8.15105656789596,8.15105656789596,8.15105656789596,3.4712461141023088,3.4712461141023088,3.4712461141023088,4.679810453793651,4.679810453793651,4.679810453793651,0.0,0.0,0.0,122.03655815519755
2022-08-08,113.98725396825398,96.96508735009155,134.6868121332465,113.98725396825398,113.98725396825398,2.119082460739474,2.119082460739474,2.119082460739474,-0.4100839399524043,-0.4100839399524043,-0.4100839399524043,2.529166400691878,2.529166400691878,2.529166400691878,0.0,0.0,0.0,116.10633642899346
2022-08-10,114.0550888828124,98.99956318965548,138.68691957776625,114.0550888828124,114.0550888828124,4.703305806055836,4.703305806055836,4.703305806055836,3.269522343390588,3.269522343390588,3.269522343390588,1.4337834626652481,1.4337834626652481,1.4337834626652481,0.0,0.0,0.0,118.75839468886824
2022-08-12,114.12292379737082,98.5663435832515,137.4235171386073,114.12292379737082,114.12292379737082,4.139784929228601,4.139784929228601,4.139784929228601,3.4712461141118047,3.4712461141118047,3.4712461141118047,0.6685388151167971,0.6685388151167971,0.6685388151167971,0.0,0.0,0.0,118.26270872659941
2022-08-15,114.22467616920842,95.47836449788399,133.72417568758948,114.22467616920842,114.22467616920842,-0.27436486842270064,-0.27436486842270064,-0.27436486842270064,-0.41008393992897213,-0.41008393992897213,-0.41008393992897213,0.13571907150627158,0.13571907150627158,0.13571907150627158,0.0,0.0,0.0,113.95031130078573
2022-08-17,114.29251108376684,97.86557384473602,136.53737131767969,114.29251108376684,114.29251108376684,3.3898298007451464,3.3898298007451464,3.3898298007451464,3.269522343392102,3.269522343392102,3.269522343392102,0.1203074573530441,0.1203074573530441,0.1203074573530441,0.0,0.0,0.0,117.68234088451199
2022-08-19,114.36034599832526,99.89418648974275,137.2925987074157,114.36034599832526,114.36034599832526,3.7468500727783427,3.7468500727783427,3.7468500727783427,3.47124611410912,3.47124611410912,3.47124611410912,0.27560395866922216,0.27560395866922216,0.27560395866922216,0.0,0.0,0.0,118.1071960711036
2022-08-22,114.46209837016286,95.63501467347574,133.32595263400697,114.46209837016286,114.46209837016286,0.17083439889208868,0.17083439889208868,0.17083439889208868,-0.41008393994827397,-0.41008393994827397,-0.41008393994827397,0.5809183388403628,0.5809183388403628,0.5809183388403628,0.0,0.0,0.0,114.63293276905495
2022-08-29,114.69952057111732,94.47048576810346,132.5511059747394,114.69952057111732,114.69952057111732,-0.686094048521357,-0.686094048521357,-0.686094048521357,-0.41008393992484227,-0.41008393992484227,-0.41008393992484227,-0.276010108596515,-0.276010108596515,-0.276010108596515,0.0,0.0,0.0,114.01342652259596
2022-08-31,114.76735548567572,96.94337745294673,133.9052621559356,114.76735548567572,114.76735548567572,2.0417159578466086,2.0417159578466086,2.0417159578466086,3.2695223433888225,3.2695223433888225,3.2695223433888225,-1.227806385542214,-1.227806385542214,-1.227806385542214,0.0,0.0,0.0,116.80907144352233
2022-09-02,114.83519038958244,97.0621931040505,135.6338596226821,114.83519038958244,114.83519038958244,0.9781644082529364,0.9781644082529364,0.9781644082529364,3.471246114124277,3.471246114124277,3.471246114124277,-2.49308170587134,-2.49308170587134,-2.49308170587134,0.0,0.0,0.0,115.81335479783537
2022-09-05,114.93694274544251,90.86037736595941,128.51340822484562,114.93694274544251,114.93694274544251,-5.2219735955652045,-5.2219735955652045,-5.2219735955652045,-0.41008393993766873,-0.41008393993766873,-0.41008393993766873,-4.811889655627537,-4.811889655627537,-4.811889655627537,0.0,0.0,0.0,109.7149691498773
2022-09-09,115.07261255325596,89.78571357837555,130.00540711849905,115.07261255325596,115.07261255325596,-4.577541387529158,-4.577541387529158,-4.577541387529158,3.4712461141113296,3.4712461141113296,3.4712461141113296,-8.04878750164049,-8.04878750164049,-8.04878750164049,0.0,0.0,0.0,110.49507116572681
2022-09-12,115.17436490911604,86.39090454137614,124.97067164535363,115.17436490911604,115.17436490911604,-10.357620181563286,-10.357620181563286,-10.357620181563286,-0.41008393993236614,-0.41008393993236614,-0.41008393993236614,-9.947536241630921,-9.947536241630921,-9.947536241630921,0.0,0.0,0.0,104.81674472755275
2022-09-16,115.31003471692947,89.76125563252582,129.06683072803094,115.31003471692947,115.31003471692947,-7.456977195419273,-7.456977195419273,-7.456977195419273,3.471246114118908,3.471246114118908,3.471246114118908,-10.928223309538183,-10.928223309538183,-10.928223309538183,0.0,0.0,0.0,107.8530575215102
2022-10-05,115.95446630404331,106.69175236900135,145.17899150125018,115.95446630404331,115.95446630404331,9.919320383662493,9.919320383662493,9.919320383662493,3.2695223433955305,3.2695223433955305,3.2695223433955305,6.649798040266962,6.649798040266962,6.649798040266962,0.0,0.0,0.0,125.8737866877058
2022-10-07,116.02230120795002,107.66378516845253,146.07135874692815,116.02230120795002,116.02230120795002,11.63298102005558,11.63298102005558,11.63298102005558,3.471246114112772,3.471246114112772,3.471246114112772,8.161734905942804,8.161734905942804,8.161734905942804,0.0,0.0,0.0,127.6552822280056
2022-10-10,116.12405280595772,105.2365415607478,144.7387977794655,116.12405280595772,116.12405280595772,9.131724079832699,9.131724079832699,9.131724079832699,-0.41008393993575987,-0.41008393993575987,-0.41008393993575987,9.541808019768458,9.541808019768458,9.541808019768458,0.0,0.0,0.0,125.25577688579041
2022-10-14,116.25972160330132,110.61365391920889,148.02976732721922,116.25972160330132,116.25972160330132,13.304202027719466,13.304202027719466,13.304202027719466,3.471246114120351,3.471246114120351,3.471246114120351,9.832955913599116,9.832955913599116,9.832955913599116,0.0,0.0,0.0,129.56392363102077
2022-10-17,116.36147320130901,105.70060782009702,143.89866392474235,116.36147320130901,116.36147320130901,8.819960803119013,8.819960803119013,8.819960803119013,-0.4100839399485864,-0.4100839399485864,-0.4100839399485864,9.230044743067598,9.230044743067598,9.230044743067598,0.0,0.0,0.0,125.18143400442803
2022-10-19,116.4293075999808,110.08398142990384,147.15798125635453,116.4293075999808,116.4293075999808,11.921789106836934,11.921789106836934,11.921789106836934,3.26952234339856,3.26952234339856,3.26952234339856,8.652266763438375,8.652266763438375,8.652266763438375,0.0,0.0,0.0,128.35109670681774
2022-10-21,116.49714199865262,109.7614736581267,147.62553072697716,116.49714199865262,116.49714199865262,11.550799520056747,11.550799520056747,11.550799520056747,3.4712461141176663,3.4712461141176663,3.4712461141176663,8.079553405939082,8.079553405939082,8.079553405939082,0.0,0.0,0.0,128.04794151870937
2022-10-24,116.59889359666032,103.35442889407717,143.62087730387597,116.59889359666032,116.59889359666032,7.0649659625156955,7.0649659625156955,7.0649659625156955,-0.41008393992515435,-0.41008393992515435,-0.41008393992515435,7.47504990244085,7.47504990244085,7.47504990244085,0.0,0.0,0.0,123.66385955917602
2022-10-26,116.66672799533211,108.314868712962,146.99712980848062,116.66672799533211,116.66672799533211,10.637205746938557,10.637205746938557,10.637205746938557,3.269522343393766,3.269522343393766,3.269522343393766,7.367683403544791,7.367683403544791,7.367683403544791,0.0,0.0,0.0,127.30393374227067
2022-10-31,116.8363139920116,104.91891946833776,143.31780473385473,116.8363139920116,116.8363139920116,8.011705934194985,8.011705934194985,8.011705934194985,-0.4100839399379808,-0.4100839399379808,-0.4100839399379808,8.421789874132966,8.421789874132966,8.421789874132966,0.0,0.0,0.0,124.84801992620658
2022-11-04,116.95948966766207,111.71051818291376,149.54997038992832,116.95948966766207,116.95948966766207,13.960097310230198,13.960097310230198,13.960097310230198,3.471246114112297,3.471246114112297,3.471246114112297,10.488851196117901,10.488851196117901,10.488851196117901,0.0,0.0,0.0,130.91958697789227
2022-11-07,117.05187142439995,110.48547056838504,148.9524844420347,117.05187142439995,117.05187142439995,12.036368443648286,12.036368443648286,12.036368443648286,-0.41008393993915365,-0.41008393993915365,-0.41008393993915365,12.44645238358744,12.44645238358744,12.44645238358744,0.0,0.0,0.0,129.08823986804822
2022-11-09,117.11345926222518,114.8719914845085,153.61466767454877,117.11345926222518,117.11345926222518,17.06996425543503,17.06996425543503,17.06996425543503,3.2695223433904865,3.2695223433904865,3.2695223433904865,13.800441912044542,13.800441912044542,13.800441912044542,0.0,0.0,0.0,134.1834235176602
2022-11-16,117.32901669461351,119.53446708898879,157.73948454495024,117.32901669461351,117.32901669461351,21.118352644180536,21.118352644180536,21.118352644180536,3.2695223433920013,3.2695223433920013,3.2695223433920013,17.848830300788535,17.848830300788535,17.848830300788535,0.0,0.0,0.0,138.44736933879406
2022-11-18,117.39060453243874,120.53760794956374,157.8748178471561,117.39060453243874,117.39060453243874,22.138237265499306,22.138237265499306,22.138237265499306,3.4712461141088466,3.4712461141088466,3.4712461141088466,18.66699115139046,18.66699115139046,18.66699115139046,0.0,0.0,0.0,139.52884179793804
2022-11-21,117.4829862891766,119.77403494992728,157.12197908195685,117.4829862891766,117.4829862891766,19.191622537703534,19.191622537703534,19.191622537703534,-0.41008393992854825,-0.41008393992854825,-0.41008393992854825,19.60170647763208,19.60170647763208,19.60170647763208,0.0,0.0,0.0,136.67460882688013
2022-11-23,117.54457412700184,121.379948937613,160.20710486526775,117.54457412700184,117.54457412700184,23.327765960857434,23.327765960857434,23.327765960857434,3.269522343393083,3.269522343393083,3.269522343393083,20.058243617464345,20.058243617464345,20.058243617464345,0.0,0.0,0.0,140.87234008785927
2022-11-25,117.6061619648271,122.16393001677305,159.96433035194553,117.6061619648271,117.6061619648271,23.879956720943568,23.879956720943568,23.879956720943568,3.4712461141164246,3.4712461141164246,3.4712461141164246,20.408710606827142,20.408710606827142,20.408710606827142,0.0,0.0,0.0,141.48611868577066
2022-12-02,117.78340958240061,122.97038261928077,160.50583507277892,117.78340958240061,117.78340958240061,24.454343590649252,24.454343590649252,24.454343590649252,3.47124611411374,3.47124611411374,3.47124611411374,20.983097476535512,20.983097476535512,20.983097476535512,0.0,0.0,0.0,142.23775317304987
2022-12-05,117.85937284707498,118.63665218422949,155.44218278205238,117.85937284707498,117.85937284707498,20.446372061361966,20.446372061361966,20.446372061361966,-0.41008393992441805,-0.41008393992441805,-0.41008393992441805,20.856456001286386,20.856456001286386,20.856456001286386,0.0,0.0,0.0,138.30574490843694
2022-12-07,117.91001502352454,121.78607390462294,158.97106689497457,117.91001502352454,117.91001502352454,23.84549454998789,23.84549454998789,23.84549454998789,3.2695223433961127,3.2695223433961127,3.2695223433961127,20.57597220659178,20.57597220659178,20.57597220659178,0.0,0.0,0.0,141.75550957351243
2022-12-14,118.08726264109805,120.42818919462687,157.60127928691227,118.08726264109805,118.08726264109805,21.083409411417552,21.083409411417552,21.083409411417552,3.2695223433913188,3.2695223433913188,3.2695223433913188,17.813887068026233,17.813887068026233,17.813887068026233,0.0,0.0,0.0,139.1706720525156
2022-12-21,118.26451025867158,113.62217458551443,153.38307002516527,118.26451025867158,118.26451025867158,15.467903129449079,15.467903129449079,15.467903129449079,3.2695223433928335,3.2695223433928335,3.2695223433928335,12.198380786056248,12.198380786056248,12.198380786056248,0.0,0.0,0.0,133.73241338812065
2022-12-23,118.31515243512116,112.6223002221067,150.80359224545103,118.31515243512116,118.31515243512116,13.8068294468256,13.8068294468256,13.8068294468256,3.4712461141178674,3.4712461141178674,3.4712461141178674,10.335583332707733,10.335583332707733,10.335583332707733,0.0,0.0,0.0,132.12198188194677
2022-12-28,118.44175787624509,110.41662851603476,147.0797119744428,118.44175787624509,118.44175787624509,9.325061665142588,9.325061665142588,9.325061665142588,3.269522343388039,3.269522343388039,3.269522343388039,6.055539321754548,6.055539321754548,6.055539321754548,0.0,0.0,0.0,127.76681954138768
2022-12-30,118.49240005269468,107.893362361614,147.4098378023172,118.49240005269468,118.49240005269468,8.186696626463682,8.186696626463682,8.186696626463682,3.47124611410492,3.47124611410492,3.47124611410492,4.715450512358762,4.715450512358762,4.715450512358762,0.0,0.0,0.0,126.67909667915836
2023-01-04,118.59984041445352,104.92095038303943,143.02929712993446,118.59984041445352,118.59984041445352,5.978909532794048,5.978909532794048,5.978909532794048,3.269522343389554,3.269522343389554,3.269522343389554,2.7093871894044943,2.7093871894044943,2.7093871894044943,0.0,0.0,0.0,124.57874994724757
2023-01-06,118.64281655915707,106.06274031526065,144.44039802489988,118.64281655915707,118.64281655915707,5.8922248492627265,5.8922248492627265,5.8922248492627265,3.471246114112499,3.471246114112499,3.471246114112499,2.4209787351502277,2.4209787351502277,2.4209787351502277,0.0,0.0,0.0,124.5350414084198
2023-01-09,118.7072807762124,102.64289288388677,140.45502560706547,118.7072807762124,118.7072807762124,1.9347613881615253,1.9347613881615253,1.9347613881615253,-0.4100839399341632,-0.4100839399341632,-0.4100839399341632,2.3448453280956882,2.3448453280956882,2.3448453280956882,0.0,0.0,0.0,120.64204216437392
2023-01-11,118.75025692091594,105.75658076433281,143.81711990957632,118.75025692091594,118.75025692091594,5.646059735206189,5.646059735206189,5.646059735206189,3.2695223433969445,3.2695223433969445,3.2695223433969445,2.376537391809245,2.376537391809245,2.376537391809245,0.0,0.0,0.0,124.39631665612214
2023-01-13,118.79323306561949,105.16300617619979,143.66293175295021,118.79323306561949,118.79323306561949,5.7992093954559,5.7992093954559,5.7992093954559,3.471246114120077,3.471246114120077,3.471246114120077,2.3279632813358226,2.3279632813358226,2.3279632813358226,0.0,0.0,0.0,124.5924424610754
2023-01-16,118.8576972826748,101.34428488062379,138.76074000917478,118.8576972826748,118.8576972826748,1.4159616454930746,1.4159616454930746,1.4159616454930746,-0.4100839399534653,-0.4100839399534653,-0.4100839399534653,1.8260455854465396,1.8260455854465396,1.8260455854465396,0.0,0.0,0.0,120.27365892816788
2023-02-01,119.20150644030318,88.66049048153306,124.67959223488904,119.20150644030318,119.20150644030318,-12.398425806525257,-12.398425806525257,-12.398425806525257,3.2695223433947476,3.2695223433947476,3.2695223433947476,-15.667948149920003,-15.667948149920003,-15.667948149920003,0.0,0.0,0.0,106.80308063377792
2023-02-03,119.2440577574935,84.33346334750533,123.39098832252922,119.2440577574935,119.2440577574935,-15.060847378882395,-15.060847378882395,-15.060847378882395,3.4712461141139412,3.4712461141139412,3.4712461141139412,-18.53209349299633,-18.53209349299633,-18.53209349299633,0.0,0.0,0.0,104.1832103786111
2023-02-06,119.30788473327898,78.42320240643902,115.67434607205074,119.30788473327898,119.30788473327898,-22.529862452374648,-22.529862452374648,-22.529862452374648,-0.4100839399375568,-0.4100839399375568,-0.4100839399375568,-22.119778512437087,-22.119778512437087,-22.119778512437087,0.0,0.0,0.0,96.77802228090434
2023-02-08,119.35043605046928,79.0993482689617,117.62418493989165,119.35043605046928,119.35043605046928,-20.565176618934412,-20.565176618934412,-20.565176618934412,3.2695223433899536,3.2695223433899536,3.2695223433899536,-23.834698962324367,-23.834698962324367,-23.834698962324367,0.0,0.0,0.0,98.78525943153487
2023-02-10,119.39298736765961,78.1863547139638,116.88531679051461,119.39298736765961,119.39298736765961,-21.42330349180172,-21.42330349180172,-21.42330349180172,3.47124611412152,3.47124611412152,3.47124611412152,-24.89454960592324,-24.89454960592324,-24.89454960592324,0.0,0.0,0.0,97.9696838758579
2023-02-13,119.45681434344509,74.65623142227297,112.90118290711374,119.45681434344509,119.45681434344509,-25.584686613853584,-25.584686613853584,-25.584686613853584,-0.41008393993225434,-0.41008393993225434,-0.41008393993225434,-25.17460267392133,-25.17460267392133,-25.17460267392133,0.0,0.0,0.0,93.87212772959151
2023-02-15,119.49936566063542,78.83549694658795,117.33088420107674,119.49936566063542,119.49936566063542,-21.24890992556156,-21.24890992556156,-21.24890992556156,3.2695223433977767,3.2695223433977767,3.2695223433977767,-24.518432268959337,-24.518432268959337,-24.518432268959337,0.0,0.0,0.0,98.25045573507386
2023-02-24,119.69084658799183,87.83462289179984,126.719311608739,119.69084658799183,119.69084658799183,-12.772976298400064,-12.772976298400064,-12.772976298400064,3.4712461141180686,3.4712461141180686,3.4712461141180686,-16.244222412518138,-16.244222412518138,-16.244222412518138,0.0,0.0,0.0,106.91787028959176
2023-02-27,119.75467356377729,86.91758391874365,125.79472314829763,119.75467356377729,119.75467356377729,-13.514963732675081,-13.514963732675081,-13.514963732675081,-0.41008393993977815,-0.41008393993977815,-0.41008393993977815,-13.104879792735302,-13.104879792735302,-13.104879792735302,0.0,0.0,0.0,106.2397098311022
2023-03-01,119.7966299603327,92.16369823204018,129.64578008917607,119.7966299603327,119.7966299603327,-8.034501845692803,-8.034501845692803,-8.034501845692803,3.2695223433881893,3.2695223433881893,3.2695223433881893,-11.304024189080991,-11.304024189080991,-11.304024189080991,0.0,0.0,0.0,111.76212811463989
2023-03-03,119.83858635688809,94.13506005992168,132.45965571118987,119.83858635688809,119.83858635688809,-6.360820535948582,-6.360820535948582,-6.360820535948582,3.4712461141153836,3.4712461141153836,3.4712461141153836,-9.832066650063966,-9.832066650063966,-9.832066650063966,0.0,0.0,0.0,113.47776582093951
2023-03-06,119.9015209517212,91.90655988753159,131.1266162604919,119.9015209517212,119.9015209517212,-8.720328632410004,-8.720328632410004,-8.720328632410004,-0.410083939940951,-0.410083939940951,-0.410083939940951,-8.310244692469054,-8.310244692469054,-8.310244692469054,0.0,0.0,0.0,111.1811923193112
2023-03-08,119.94347734827659,96.5108245177944,135.23814554017093,119.94347734827659,119.94347734827659,-4.465776329816427,-4.465776329816427,-4.465776329816427,3.2695223433960114,3.2695223433960114,3.2695223433960114,-7.735298673212439,-7.735298673212439,-7.735298673212439,0.0,0.0,0.0,115.47770101846017
2023-03-10,119.985433744832,96.57715349688455,135.2711804314346,119.985433744832,119.985433744832,-3.9832137986889773,-3.9832137986889773,-3.9832137986889773,3.4712461141127,3.4712461141127,3.4712461141127,-7.454459912801678,-7.454459912801678,-7.454459912801678,0.0,0.0,0.0,116.00221994614301
2023-03-13,120.04836833966507,92.88960880416221,131.46260787789868,120.04836833966507,120.04836833966507,-7.8266059898904174,-7.8266059898904174,-7.8266059898904174,-0.4100839399356483,-0.4100839399356483,-0.4100839399356483,-7.416522049954769,-7.416522049954769,-7.416522049954769,0.0,0.0,0.0,112.22176234977465
2023-03-15,120.09032473622048,98.00036335906933,134.4809783484307,120.09032473622048,120.09032473622048,-4.2512369683634725,-4.2512369683634725,-4.2512369683634725,3.269522343391218,3.269522343391218,3.269522343391218,-7.5207593117546905,-7.5207593117546905,-7.5207593117546905,0.0,0.0,0.0,115.83908776785701
2023-03-17,120.13228113277587,96.95196807881547,135.84578836222835,120.13228113277587,120.13228113277587,-4.162079480960547,-4.162079480960547,-4.162079480960547,3.471246114110015,3.471246114110015,3.471246114110015,-7.633325595070561,-7.633325595070561,-7.633325595070561,0.0,0.0,0.0,115.97020165181533
2023-03-20,120.19501901649785,93.95772805046356,130.53210499058383,120.19501901649785,120.19501901649785,-8.093265850480316,-8.093265850480316,-8.093265850480316,-0.41008393991221637,-0.41008393991221637,-0.41008393991221637,-7.683181910568101,-7.683181910568101,-7.683181910568101,0.0,0.0,0.0,112.10175316601753
2023-03-22,120.23684427231251,97.20196382149999,135.21625618136758,120.23684427231251,120.23684427231251,-4.317735967840248,-4.317735967840248,-4.317735967840248,3.2695223433923006,3.2695223433923006,3.2695223433923006,-7.587258311232549,-7.587258311232549,-7.587258311232549,0.0,0.0,0.0,115.91910830447226
2023-03-24,120.27866952812715,97.77946935324262,136.592742543515,120.27866952812715,120.27866952812715,-3.912868428337376,-3.912868428337376,-3.912868428337376,3.471246114117594,3.471246114117594,3.471246114117594,-7.38411454245497,-7.38411454245497,-7.38411454245497,0.0,0.0,0.0,116.36580109978978
2023-03-27,120.34140741184916,94.76997142795915,132.4846566311407,120.34140741184916,120.34140741184916,-7.351105466590532,-7.351105466590532,-7.351105466590532,-0.4100839399315181,-0.4100839399315181,-0.4100839399315181,-6.941021526659013,-6.941021526659013,-6.941021526659013,0.0,0.0,0.0,112.99030194525864
2023-03-29,120.3832326676638,97.87951480690387,135.68319781083474,120.3832326676638,120.3832326676638,-3.3569470183130523,-3.3569470183130523,-3.3569470183130523,3.2695223433875062,3.2695223433875062,3.2695223433875062,-6.626469361700559,-6.626469361700559,-6.626469361700559,0.0,0.0,0.0,117.02628564935075
2023-03-31,120.42505792347846,97.03019741841004,136.87262592486988,120.42505792347846,120.42505792347846,-2.896929594388048,-2.896929594388048,-2.896929594388048,3.4712461141046465,3.4712461141046465,3.4712461141046465,-6.368175708492695,-6.368175708492695,-6.368175708492695,0.0,0.0,0.0,117.5281283290904
2023-04-03,120.48779580720044,95.0111687067397,132.44793779013793,120.48779580720044,120.48779580720044,-6.626372530310451,-6.626372530310451,-6.626372530310451,-0.4100839399262154,-0.4100839399262154,-0.4100839399262154,-6.216288590384237,-6.216288590384237,-6.216288590384237,0.0,0.0,0.0,113.86142327689
2023-04-05,120.5296210630151,98.95703845501967,136.1089104221533,120.5296210630151,120.5296210630151,-3.068554044109752,-3.068554044109752,-3.068554044109752,3.269522343389021,3.269522343389021,3.269522343389021,-6.338076387498773,-6.338076387498773,-6.338076387498773,0.0,0.0,0.0,117.46106701890535
2023-04-10,120.63416265136127,93.33502654042387,132.18496602946902,120.63416265136127,120.63416265136127,-7.923291414390954,-7.923291414390954,-7.923291414390954,-0.41008393993904213,-0.41008393993904213,-0.41008393993904213,-7.51320747445191,-7.51320747445191,-7.51320747445191,0.0,0.0,0.0,112.7108712369703
2023-04-12,120.67597928669973,95.56988661337681,135.03841643142775,120.67597928669973,120.67597928669973,-4.992705832211837,-4.992705832211837,-4.992705832211837,3.269522343390535,3.269522343390535,3.269522343390535,-8.262228175602372,-8.262228175602372,-8.262228175602372,0.0,0.0,0.0,115.68327345448789
2023-04-17,120.7805208750459,91.3614805393037,130.28121864759532,120.7805208750459,120.7805208750459,-10.67921646268851,-10.67921646268851,-10.67921646268851,-0.4100839399518686,-0.4100839399518686,-0.4100839399518686,-10.26913252273664,-10.26913252273664,-10.26913252273664,0.0,0.0,0.0,110.10130441235738
2023-04-26,120.96869573406899,93.1354818053509,133.34273565551194,120.96869573406899,120.96869573406899,-7.9111593758689285,-7.9111593758689285,-7.9111593758689285,3.2695223433931324,3.2695223433931324,3.2695223433931324,-11.18068171926206,-11.18068171926206,-11.18068171926206,0.0,0.0,0.0,113.05753635820005
2023-04-28,121.01051236940745,95.15946388902854,133.78688371797685,121.01051236940745,121.01051236940745,-7.134146060424396,-7.134146060424396,-7.134146060424396,3.471246114126615,3.471246114126615,3.471246114126615,-10.60539217455101,-10.60539217455101,-10.60539217455101,0.0,0.0,0.0,113.87636630898305
2023-05-03,121.11505395775362,97.12055994281711,135.58525270214602,121.11505395775362,121.11505395775362,-4.958421919822988,-4.958421919822988,-4.958421919822988,3.2695223433946463,3.2695223433946463,3.2695223433946463,-8.227944263217633,-8.227944263217633,-8.227944263217633,0.0,0.0,0.0,116.15663203793063
2023-05-05,121.15687059309208,99.74856710766348,135.8134938219854,121.15687059309208,121.15687059309208,-3.628020821305829,-3.628020821305829,-3.628020821305829,3.4712461141136677,3.4712461141136677,3.4712461141136677,-7.0992669354194975,-7.0992669354194975,-7.0992669354194975,0.0,0.0,0.0,117.52884977178626
2023-05-08,121.21959482592042,94.65541085115241,134.83052060574238,121.21959482592042,121.21959482592042,-5.89359795660447,-5.89359795660447,-5.89359795660447,-0.4100839399359605,-0.4100839399359605,-0.4100839399359605,-5.48351401666851,-5.48351401666851,-5.48351401666851,0.0,0.0,0.0,115.32599686931596
2023-05-10,121.26141098113929,101.21132849590902,139.7746658747726,121.26141098113929,121.26141098113929,-1.2988522353743888,-1.2988522353743888,-1.2988522353743888,3.2695223433898533,3.2695223433898533,3.2695223433898533,-4.568374578764242,-4.568374578764242,-4.568374578764242,0.0,0.0,0.0,119.96255874576491
2023-05-15,121.36595136918653,99.40897937115675,138.4449028306094,121.36595136918653,121.36595136918653,-3.5898568123528154,-3.5898568123528154,-3.5898568123528154,-0.41008393993713316,-0.41008393993713316,-0.41008393993713316,-3.179772872415682,-3.179772872415682,-3.179772872415682,0.0,0.0,0.0,117.77609455683371
2023-05-24,121.55412406767152,102.40417783249835,139.17727539792705,121.55412406767152,121.55412406767152,-0.06017652196253286,-0.06017652196253286,-0.06017652196253286,3.269522343392882,3.269522343392882,3.269522343392882,-3.329698865355415,-3.329698865355415,-3.329698865355415,0.0,0.0,0.0,121.49394754570899
2023-05-26,121.59594022289042,102.95600967935461,141.07681030593233,121.59594022289042,121.59594022289042,0.04459190857165053,0.04459190857165053,0.04459190857165053,3.471246114117795,3.471246114117795,3.471246114117795,-3.4266542055461446,-3.4266542055461446,-3.4266542055461446,0.0,0.0,0.0,121.64053213146207
2023-05-29,121.65866445571876,98.08683444195609,136.58452016696077,121.65866445571876,121.65866445571876,-3.764728310115749,-3.764728310115749,-3.764728310115749,-0.41008393994465697,-0.41008393994465697,-0.41008393994465697,-3.3546443701710915,-3.3546443701710915,-3.3546443701710915,0.0,0.0,0.0,117.89393614560302
2023-05-31,121.70048061093763,102.36244918497232,141.62547734732982,121.70048061093763,121.70048061093763,0.15148538537410902,0.15148538537410902,0.15148538537410902,3.269522343393964,3.269522343393964,3.269522343393964,-3.118036958019855,-3.118036958019855,-3.118036958019855,0.0,0.0,0.0,121.85196599631175
2023-06-05,121.80502099898487,99.42459777716837,138.61498851499007,121.80502099898487,121.80502099898487,-2.322384754002673,-2.322384754002673,-2.322384754002673,-0.4100839399393542,-0.4100839399393542,-0.4100839399393542,-1.9123008140633186,-1.9123008140633186,-1.9123008140633186,0.0,0.0,0.0,119.4826362449822
2023-06-07,121.84683714410116,105.4415610679114,143.11847514138162,121.84683714410116,121.84683714410116,1.9810358952390212,1.9810358952390212,1.9810358952390212,3.2695223433954785,3.2695223433954785,3.2695223433954785,-1.2884864481564573,-1.2884864481564573,-1.2884864481564573,0.0,0.0,0.0,123.82787303934018
2023-06-09,121.88865328921746,105.38020616831753,143.16018492707943,121.88865328921746,121.88865328921746,2.7975187287770553,2.7975187287770553,2.7975187287770553,3.4712461141124265,3.4712461141124265,3.4712461141124265,-0.6737273853353709,-0.6737273853353709,-0.6737273853353709,0.0,0.0,0.0,124.68617201799451
2023-06-12,121.95137750689192,102.60091717684017,139.90019782044556,121.95137750689192,121.95137750689192,-0.31968805144370943,-0.31968805144370943,-0.31968805144370943,-0.4100839399521806,-0.4100839399521806,-0.4100839399521806,0.09039588850847131,0.09039588850847131,0.09039588850847131,0.0,0.0,0.0,121.63168945544821
2023-06-14,121.9931936520082,105.6195059667351,144.06955407334218,121.9931936520082,121.9931936520082,3.6864629947473353,3.6864629947473353,3.6864629947473353,3.2695223433969933,3.2695223433969933,3.2695223433969933,0.41694065135034253,0.41694065135034253,0.41694065135034253,0.0,0.0,0.0,125.67965664675553
2023-06-16,122.03500979712449,106.32874483111038,143.68115575596133,122.03500979712449,122.03500979712449,4.031539513671779,4.031539513671779,4.031539513671779,3.471246114111659,3.471246114111659,3.471246114111659,0.5602933995601203,0.5602933995601203,0.5602933995601203,0.0,0.0,0.0,126.06654931079626
2023-06-19,122.09773401479893,102.07715173632862,142.3898785641983,122.09773401479893,122.09773401479893,0.023240118039351415,0.023240118039351415,0.023240118039351415,-0.41008393992874886,-0.41008393992874886,-0.41008393992874886,0.43332405796810025,0.43332405796810025,0.43332405796810025,0.0,0.0,0.0,122.12097413283828
2023-06-21,122.13955015991525,105.6817307527567,143.6984539144903,122.13955015991525,122.13955015991525,3.4372667261649203,3.4372667261649203,3.4372667261649203,3.269522343392199,3.269522343392199,3.269522343392199,0.16774438277272125,0.16774438277272125,0.16774438277272125,0.0,0.0,0.0,125.57681688608017
2023-06-26,122.24409052270597,101.82102399376653,140.79948653916472,122.24409052270597,122.24409052270597,-1.0455809746054912,-1.0455809746054912,-1.0455809746054912,-0.4100839399299218,-0.4100839399299218,-0.4100839399299218,-0.6354970346755697,-0.6354970346755697,-0.6354970346755697,0.0,0.0,0.0,121.19850954810049
2023-06-28,122.28590666424488,104.47948337543076,144.08456282050994,122.28590666424488,122.28590666424488,2.4872929783964057,2.4872929783964057,2.4872929783964057,3.269522343387406,3.269522343387406,3.269522343387406,-0.7822293649909995,-0.7822293649909995,-0.7822293649909995,0.0,0.0,0.0,124.77319964264129
2023-06-30,122.32772280578381,105.85600416201001,143.2321286140471,122.32772280578381,122.32772280578381,2.7716605230592215,2.7716605230592215,2.7716605230592215,3.4712461141062905,3.4712461141062905,3.4712461141062905,-0.6995855910470684,-0.6995855910470684,-0.6995855910470684,0.0,0.0,0.0,125.09938332884303
2023-07-03,122.39044701809219,103.80684097583503,140.55181573723192,122.39044701809219,122.39044701809219,-0.41996936166592713,-0.41996936166592713,-0.41996936166592713,-0.41008393992461867,-0.41008393992461867,-0.41008393992461867,-0.009885421741308405,-0.009885421741308405,-0.009885421741308405,0.0,0.0,0.0,121.97047765642627
2023-07-05,122.43226315963109,107.87476842619492,145.8378912842472,122.43226315963109,122.43226315963109,4.139013301969978,4.139013301969978,4.139013301969978,3.26952234338892,3.26952234338892,3.26952234338892,0.8694909585810586,0.8694909585810586,0.8694909585810586,0.0,0.0,0.0,126.57127646160107
2023-07-07,122.47407930117001,109.48895366649565,147.18444810161884,122.47407930117001,122.47407930117001,5.543201360867361,5.543201360867361,5.543201360867361,3.4712461141138693,3.4712461141138693,3.4712461141138693,2.0719552467534914,2.0719552467534914,2.0719552467534914,0.0,0.0,0.0,128.01728066203736
2023-07-10,122.53680351347838,106.40028491402838,145.90380454202025,122.53680351347838,122.53680351347838,3.947226547503871,3.947226547503871,3.947226547503871,-0.41008393993744546,-0.41008393993744546,-0.41008393993744546,4.357310487441317,4.357310487441317,4.357310487441317,0.0,0.0,0.0,126.48403006098225
2023-07-12,122.57861965501729,113.25919360329699,152.21104690953035,122.57861965501729,122.57861965501729,9.335738809636373,9.335738809636373,9.335738809636373,3.2695223433904346,3.2695223433904346,3.2695223433904346,6.06621646624594,6.06621646624594,6.06621646624594,0.0,0.0,0.0,131.91435846465367
2023-07-14,122.62043579655622,116.06378489424445,153.48753524814737,122.62043579655622,122.62043579655622,11.255413940219931,11.255413940219931,11.255413940219931,3.4712461141111843,3.4712461141111843,3.4712461141111843,7.784167826108747,7.784167826108747,7.784167826108747,0.0,0.0,0.0,133.87584973677616
2023-07-17,122.68316000641981,113.87456992271333,150.81709421924032,122.68316000641981,122.68316000641981,9.680855609760199,9.680855609760199,9.680855609760199,-0.41008393993214254,-0.41008393993214254,-0.41008393993214254,10.090939549692342,10.090939549692342,10.090939549692342,0.0,0.0,0.0,132.36401561618
2023-07-19,122.72497614632884,118.7890981127138,156.7493077889192,122.72497614632884,122.72497614632884,14.537070662025982,14.537070662025982,14.537070662025982,3.269522343391517,3.269522343391517,3.269522343391517,11.267548318634466,11.267548318634466,11.267548318634466,0.0,0.0,0.0,137.26204680835482
2023-07-21,122.7667922862379,120.04362782249845,157.45370783264232,122.7667922862379,122.7667922862379,15.508376625815565,15.508376625815565,15.508376625815565,3.4712461141187623,3.4712461141187623,3.4712461141187623,12.037130511696803,12.037130511696803,12.037130511696803,0.0,0.0,0.0,138.27516891205346
2023-07-24,122.82951649610148,114.59012316827186,155.23195034213865,122.82951649610148,122.82951649610148,11.887792690687899,11.887792690687899,11.887792690687899,-0.4100839399333154,-0.4100839399333154,-0.4100839399333154,12.297876630621216,12.297876630621216,12.297876630621216,0.0,0.0,0.0,134.71730918678938
2023-07-26,122.87133263601054,117.69461601271972,157.0113727202219,122.87133263601054,122.87133263601054,15.126250425254382,15.126250425254382,15.126250425254382,3.269522343386723,3.269522343386723,3.269522343386723,11.856728081867658,11.856728081867658,11.856728081867658,0.0,0.0,0.0,137.99758306126492
2023-07-28,122.9131487759196,119.61036908470453,156.15632825156925,122.9131487759196,122.9131487759196,14.436130101768436,14.436130101768436,14.436130101768436,3.4712461141160778,3.4712461141160778,3.4712461141160778,10.964883987652357,10.964883987652357,10.964883987652357,0.0,0.0,0.0,137.34927887768802
2023-07-31,122.97587298578317,112.26705458513972,151.3825823181749,122.97587298578317,122.97587298578317,8.555495895758582,8.555495895758582,8.555495895758582,-0.4100839399280129,-0.4100839399280129,-0.4100839399280129,8.965579835686595,8.965579835686595,8.965579835686595,0.0,0.0,0.0,131.53136888154177
2023-08-02,123.01768912920916,113.85703179906406,153.5565602943336,123.01768912920916,123.01768912920916,10.630406304252217,10.630406304252217,10.630406304252217,3.269522343394546,3.269522343394546,3.269522343394546,7.36088396085767,7.36088396085767,7.36088396085767,0.0,0.0,0.0,133.64809543346138
2023-08-04,123.05950527263516,114.00969360236242,151.60540484567147,123.05950527263516,123.05950527263516,9.165141183059585,9.165141183059585,9.165141183059585,3.4712461141153117,3.4712461141153117,3.4712461141153117,5.6938950689442756,5.6938950689442756,5.6938950689442756,0.0,0.0,0.0,132.22464645569474
2023-08-09,123.16404563120018,109.18486609912956,148.48779751779668,123.16404563120018,123.16404563120018,5.351256807341177,5.351256807341177,5.351256807341177,3.2695223433893195,3.2695223433893195,3.2695223433893195,2.081734463951858,2.081734463951858,2.081734463951858,0.0,0.0,0.0,128.51530243854137
2023-08-11,123.20586177462619,107.92303511120181,146.2579875812239,123.20586177462619,123.20586177462619,4.5782398254807015,4.5782398254807015,4.5782398254807015,3.471246114112627,3.471246114112627,3.471246114112627,1.1069937113680743,1.1069937113680743,1.1069937113680743,0.0,0.0,0.0,127.7841016001069
2023-08-14,123.2685859897652,104.26888293314279,141.16933787039673,123.2685859897652,123.2685859897652,-0.13650636292602214,-0.13650636292602214,-0.13650636292602214,-0.41008393991740727,-0.41008393991740727,-0.41008393991740727,0.27357757699138524,0.27357757699138524,0.27357757699138524,0.0,0.0,0.0,123.13207962683917
2023-08-16,123.3104021331912,106.7980824763751,145.56503037627266,123.3104021331912,123.3104021331912,3.3730915570296776,3.3730915570296776,3.3730915570296776,3.2695223433971425,3.2695223433971425,3.2695223433971425,0.10356921363253457,0.10356921363253457,0.10356921363253457,0.0,0.0,0.0,126.68349369022089
2023-08-21,123.41494249175622,105.295525791947,143.2045179126,123.41494249175622,123.41494249175622,0.05358901521794971,0.05358901521794971,0.05358901521794971,-0.4100839399302338,-0.4100839399302338,-0.4100839399302338,0.4636729551481835,0.4636729551481835,0.4636729551481835,0.0,0.0,0.0,123.46853150697417
2023-08-23,123.45675863518224,108.28784672689967,146.2926611295557,123.45675863518224,123.45675863518224,3.900039225791291,3.900039225791291,3.900039225791291,3.269522343392349,3.269522343392349,3.269522343392349,0.6305168823989422,0.6305168823989422,0.6305168823989422,0.0,0.0,0.0,127.35679786097353
2023-08-25,123.49857478405899,108.45498210633839,147.3731616303637,123.49857478405899,123.49857478405899,4.107930254933944,4.107930254933944,4.107930254933944,3.4712461141072586,3.4712461141072586,3.4712461141072586,0.6366841408266856,0.6366841408266856,0.6366841408266856,0.0,0.0,0.0,127.60650503899294
2023-08-28,123.56129900737409,102.5310284708302,141.59924091330276,123.56129900737409,123.56129900737409,-0.26463846473126335,-0.26463846473126335,-0.26463846473126335,-0.4100839399430605,-0.4100839399430605,-0.4100839399430605,0.14544547521179715,0.14544547521179715,0.14544547521179715,0.0,0.0,0.0,123.29666054264283
2023-08-30,123.60311515625084,106.78720628469512,144.61193580481807,123.60311515625084,123.60311515625084,2.6760781463093313,2.6760781463093313,2.6760781463093313,3.269522343393863,3.269522343393863,3.269522343393863,-0.5934441970845317,-0.5934441970845317,-0.5934441970845317,0.0,0.0,0.0,126.27919330256017
2023-09-01,123.64493130512759,107.27157089146948,144.25909928009315,123.64493130512759,123.64493130512759,1.8027693075883742,1.8027693075883742,1.8027693075883742,3.471246114114837,3.471246114114837,3.471246114114837,-1.6684768065264626,-1.6684768065264626,-1.6684768065264626,0.0,0.0,0.0,125.44770061271596
2023-09-04,123.70765552844271,101.26040037106465,138.45233429944102,123.70765552844271,123.70765552844271,-4.212213683251286,-4.212213683251286,-4.212213683251286,-0.4100839399377578,-0.4100839399377578,-0.4100839399377578,-3.802129743313529,-3.802129743313529,-3.802129743313529,0.0,0.0,0.0,119.49544184519142
2023-09-06,123.74947167731945,103.04967825104512,141.8336214178888,123.74947167731945,123.74947167731945,-2.1632687712597796,-2.1632687712597796,-2.1632687712597796,3.2695223433953777,3.2695223433953777,3.2695223433953777,-5.432791114655157,-5.432791114655157,-5.432791114655157,0.0,0.0,0.0,121.58620290605967
2023-09-08,123.7912878261962,101.45414636296223,140.9278906826731,123.7912878261962,123.7912878261962,-3.6072140834811433,-3.6072140834811433,-3.6072140834811433,3.471246114122415,3.471246114122415,3.471246114122415,-7.078460197603557,-7.078460197603557,-7.078460197603557,0.0,0.0,0.0,120.18407374271506
2023-09-11,123.8540120495113,95.14166565688122,132.86484835276858,123.8540120495113,123.8540120495113,-9.659751762541042,-9.659751762541042,-9.659751762541042,-0.4100839399570593,-0.4100839399570593,-0.4100839399570593,-9.249667822583984,-9.249667822583984,-9.249667822583984,0.0,0.0,0.0,114.19426028697026
2023-09-15,123.93764435399859,98.28023345925294,135.13838987653432,123.93764435399859,123.93764435399859,-7.381870393655518,-7.381870393655518,-7.381870393655518,3.4712461141197313,3.4712461141197313,3.4712461141197313,-10.853116507775248,-10.853116507775248,-10.853116507775248,0.0,0.0,0.0,116.55577396034307
2023-09-20,124.0421847346077,97.78097699340016,137.18928137898396,124.0421847346077,124.0421847346077,-6.494562781382801,-6.494562781382801,-6.494562781382801,3.2695223433920986,3.2695223433920986,3.2695223433920986,-9.764085124774901,-9.764085124774901,-9.764085124774901,0.0,0.0,0.0,117.5476219532249
2023-09-22,124.08400088685137,100.48682660140537,137.76084720778735,124.08400088685137,124.08400088685137,-4.849641726032656,-4.849641726032656,-4.849641726032656,3.4712461141189643,3.4712461141189643,3.4712461141189643,-8.32088784015162,-8.32088784015162,-8.32088784015162,0.0,0.0,0.0,119.23435916081871
2023-09-25,124.14672511521682,97.48646019914827,136.15535421320197,124.14672511521682,124.14672511521682,-5.704239464040538,-5.704239464040538,-5.704239464040538,-0.410083939946454,-0.410083939946454,-0.410083939946454,-5.294155524094083,-5.294155524094083,-5.294155524094083,0.0,0.0,0.0,118.44248565117628
2023-09-27,124.18854126746047,106.15357741775641,143.52124516397672,124.18854126746047,124.18854126746047,0.3797500369657172,0.3797500369657172,0.3797500369657172,3.269522343393181,3.269522343393181,3.269522343393181,-2.889772306427463,-2.889772306427463,-2.889772306427463,0.0,0.0,0.0,124.56829130442618
2023-09-29,124.23035741970412,108.6639285741653,146.2129203465712,124.23035741970412,124.23035741970412,3.1136659293548847,3.1136659293548847,3.1136659293548847,3.471246114106017,3.471246114106017,3.471246114106017,-0.3575801847511323,-0.3575801847511323,-0.3575801847511323,0.0,0.0,0.0,127.344023349059
2023-10-02,124.29308164806957,106.82803740838497,146.65608656068554,124.29308164806957,124.29308164806957,2.914103563576605,2.914103563576605,2.914103563576605,-0.4100839399411516,-0.4100839399411516,-0.4100839399411516,3.3241875035177557,3.3241875035177557,3.3241875035177557,0.0,0.0,0.0,127.20718521164618
2023-10-04,124.33489780031324,113.34456677131713,152.1505079242338,124.33489780031324,124.33489780031324,8.753487826926444,8.753487826926444,8.753487826926444,3.269522343388387,3.269522343388387,3.269522343388387,5.483965483538057,5.483965483538057,5.483965483538057,0.0,0.0,0.0,133.0883856272397
2023-10-11,124.49859240724007,116.99696955016884,157.45358637688554,124.49859240724007,124.49859240724007,12.990968344264603,12.990968344264603,12.990968344264603,3.26952234339621,3.26952234339621,3.26952234339621,9.721446000868394,9.721446000868394,9.721446000868394,0.0,0.0,0.0,137.48956075150468
2023-10-13,124.54536229493345,119.63826207080844,157.70687823830576,124.54536229493345,124.54536229493345,13.378294518213588,13.378294518213588,13.378294518213588,3.4712461141128284,3.4712461141128284,3.4712461141128284,9.907048404100761,9.907048404100761,9.907048404100761,0.0,0.0,0.0,137.92365681314703
2023-10-18,124.6622870141669,119.12045428737268,156.81764727662156,124.6622870141669,124.6622870141669,12.29015320050543,12.29015320050543,12.29015320050543,3.2695223433914156,3.2695223433914156,3.2695223433914156,9.020630857114014,9.020630857114014,9.020630857114014,0.0,0.0,0.0,136.95244021467232
2023-10-20,124.70905690186027,117.24187724167831,155.27478011929253,124.70905690186027,124.70905690186027,11.901647957181213,11.901647957181213,11.901647957181213,3.4712461141204063,3.4712461141204063,3.4712461141204063,8.430401843060805,8.430401843060805,8.430401843060805,0.0,0.0,0.0,136.61070485904148
2023-10-23,124.77921173340034,112.93861841124762,150.33604248075866,124.77921173340034,124.77921173340034,7.263038221573212,7.263038221573212,7.263038221573212,-0.4100839399317187,-0.4100839399317187,-0.4100839399317187,7.6731221615049305,7.6731221615049305,7.6731221615049305,0.0,0.0,0.0,132.04224995497356
2023-10-25,124.82598162109373,114.92296130397824,154.63501257538135,124.82598162109373,124.82598162109373,10.671794001336288,10.671794001336288,10.671794001336288,3.2695223433866216,3.2695223433866216,3.2695223433866216,7.402271657949666,7.402271657949666,7.402271657949666,0.0,0.0,0.0,135.49777562243003
2023-10-30,124.94290634032718,113.79316519421117,152.11136454880452,124.94290634032718,124.94290634032718,7.569454416822012,7.569454416822012,7.569454416822012,-0.410083939926416,-0.410083939926416,-0.410083939926416,7.979538356748428,7.979538356748428,7.979538356748428,0.0,0.0,0.0,132.5123607571492
2023-11-01,125.00166659839094,117.53803328111279,157.22012920623027,125.00166659839094,125.00166659839094,12.008898580169658,12.008898580169658,12.008898580169658,3.2695223433944447,3.2695223433944447,3.2695223433944447,8.739376236775213,8.739376236775213,8.739376236775213,0.0,0.0,0.0,137.0105651785606
2023-11-03,125.06042685645468,120.60454085893319,158.77625971938883,125.06042685645468,125.06042685645468,13.22481232556835,13.22481232556835,13.22481232556835,3.471246114115038,3.471246114115038,3.471246114115038,9.75356621145331,9.75356621145331,9.75356621145331,0.0,0.0,0.0,138.28523918202302
2023-11-06,125.14856724355032,118.34534205381233,154.88943254321413,125.14856724355032,125.14856724355032,11.198443707885144,11.198443707885144,11.198443707885144,-0.41008393993924264,-0.41008393993924264,-0.41008393993924264,11.608527647824387,11.608527647824387,11.608527647824387,0.0,0.0,0.0,136.34701095143546
2023-11-10,125.26608775967783,120.41726459767,162.3249466363942,125.26608775967783,125.26608775967783,17.771180609364677,17.771180609364677,17.771180609364677,3.4712461141123536,3.4712461141123536,3.4712461141123536,14.299934495252325,14.299934495252325,14.299934495252325,0.0,0.0,0.0,143.03726836904252
2023-11-13,125.35422814677344,122.4076044594271,160.17189804163255,125.35422814677344,125.35422814677344,15.760947705548944,15.760947705548944,15.760947705548944,-0.41008393991581094,-0.41008393991581094,-0.41008393991581094,16.171031645464755,16.171031645464755,16.171031645464755,0.0,0.0,0.0,141.11517585232238
2023-11-17,125.47174866290094,128.56441309620647,165.2864532301482,125.47174866290094,125.47174866290094,21.646215039538298,21.646215039538298,21.646215039538298,3.4712461141199316,3.4712461141199316,3.4712461141199316,18.174968925418362,18.174968925418362,18.174968925418362,0.0,0.0,0.0,147.11796370243923
2023-11-20,125.55988904999657,123.80677732108974,162.79852374206553,125.55988904999657,125.55988904999657,18.841967793518393,18.841967793518393,18.841967793518393,-0.41008393993511255,-0.41008393993511255,-0.41008393993511255,19.252051733453506,19.252051733453506,19.252051733453506,0.0,0.0,0.0,144.40185684351496
2023-11-24,125.67740956612408,130.58503051936364,168.95692152454615,125.67740956612408,125.67740956612408,23.672157463816422,23.672157463816422,23.672157463816422,3.471246114106984,3.471246114106984,3.471246114106984,20.200911349709436,20.200911349709436,20.200911349709436,0.0,0.0,0.0,149.34956702994052
2023-11-27,125.79187796909272,126.16087504182059,165.62279527528955,125.79187796909272,125.79187796909272,20.233598778344213,20.233598778344213,20.233598778344213,-0.41008393992981,-0.41008393992981,-0.41008393992981,20.64368271827402,20.64368271827402,20.64368271827402,0.0,0.0,0.0,146.02547674743693
2023-11-29,125.86819023773847,131.53285360508715,169.53009413197412,125.86819023773847,125.86819023773847,24.109206022229095,24.109206022229095,24.109206022229095,3.2695223433937626,3.2695223433937626,3.2695223433937626,20.839683678835335,20.839683678835335,20.839683678835335,0.0,0.0,0.0,149.97739625996758
2023-12-01,125.94450250638425,132.2135683184662,169.34724532140123,125.94450250638425,125.94450250638425,24.427757921115127,24.427757921115127,24.427757921115127,3.47124611411648,3.47124611411648,3.47124611411648,20.95651180699864,20.95651180699864,20.95651180699864,0.0,0.0,0.0,150.37226042749938
2023-12-06,126.13528317799864,132.1464500640382,168.0895724718193,126.13528317799864,126.13528317799864,24.042026821132747,24.042026821132747,24.042026821132747,3.269522343394845,3.269522343394845,3.269522343394845,20.772504477737904,20.772504477737904,20.772504477737904,0.0,0.0,0.0,150.17730999913138
2023-12-11,126.32606384961305,127.32799264663437,165.727579506749,126.32606384961305,126.32606384961305,19.06886196063933,19.06886196063933,19.06886196063933,-0.4100839399554633,-0.4100839399554633,-0.4100839399554633,19.478945900594795,19.478945900594795,19.478945900594795,0.0,0.0,0.0,145.39492581025237
2023-12-13,126.40237611825881,128.5203683413261,167.1105103260515,126.40237611825881,126.40237611825881,21.805815003243602,21.805815003243602,21.805815003243602,3.269522343396359,3.269522343396359,3.269522343396359,18.536292659847245,18.536292659847245,18.536292659847245,0.0,0.0,0.0,148.2081911215024
2023-12-15,126.47868838690457,129.61709155904666,165.99773956940749,126.47868838690457,126.47868838690457,20.803483625439537,20.803483625439537,20.803483625439537,3.471246114121375,3.471246114121375,3.471246114121375,17.332237511318162,17.332237511318162,17.332237511318162,0.0,0.0,0.0,147.2821720123441
2023-12-18,126.59315678987322,121.2970814430812,160.90976391681372,126.59315678987322,126.59315678987322,14.667495789115076,14.667495789115076,14.667495789115076,-0.4100839399320313,-0.4100839399320313,-0.4100839399320313,15.077579729047109,15.077579729047109,15.077579729047109,0.0,0.0,0.0,141.2606525789883
2023-12-20,126.6869876828576,124.78043701132619,164.12625085247635,126.6869876828576,126.6869876828576,16.611343753337117,16.611343753337117,16.611343753337117,3.2695223433915657,3.2695223433915657,3.2695223433915657,13.34182140994555,13.34182140994555,13.34182140994555,0.0,0.0,0.0,143.29833143619473
2023-12-22,126.78081857584198,122.27853258322531,161.5667764310026,126.78081857584198,126.78081857584198,14.972330716579016,14.972330716579016,14.972330716579016,3.471246114128953,3.471246114128953,3.471246114128953,11.501084602450062,11.501084602450062,11.501084602450062,0.0,0.0,0.0,141.753149292421
2023-12-27,127.01539580830294,117.41303931484686,156.35733696532776,127.01539580830294,127.01539580830294,10.294169807187439,10.294169807187439,10.294169807187439,3.2695223433930805,3.2695223433930805,3.2695223433930805,7.0246474637943574,7.0246474637943574,7.0246474637943574,0.0,0.0,0.0,137.30956561549038
2023-12-29,127.10922670128735,117.14733858917096,155.83112134595584,127.10922670128735,127.10922670128735,8.99158569307831,8.99158569307831,8.99158569307831,3.4712461141160054,3.4712461141160054,3.4712461141160054,5.520339578962305,5.520339578962305,5.520339578962305,0.0,0.0,0.0,136.10081239436568
2024-01-03,127.34380393374832,113.36278878753872,152.35418057941223,127.34380393374832,127.34380393374832,6.297164920286515,6.297164920286515,6.297164920286515,3.269522343388286,3.269522343388286,3.269522343388286,3.0276425768982294,3.0276425768982294,3.0276425768982294,0.0,0.0,0.0,133.64096885403484
2024-01-05,127.43763482673269,113.27576072276275,151.21393419326776,127.43763482673269,127.43763482673269,6.0430270401208555,6.0430270401208555,6.0430270401208555,3.4712461141049764,3.4712461141049764,3.4712461141049764,2.571780926015879,2.571780926015879,2.571780926015879,0.0,0.0,0.0,133.48066186685355
2024-01-08,127.57838116620928,110.56019974142876,149.9089393245099,127.57838116620928,127.57838116620928,1.93110337906832,1.93110337906832,1.93110337906832,-0.41008393994072767,-0.41008393994072767,-0.41008393994072767,2.3411873190090478,2.3411873190090478,2.3411873190090478,0.0,0.0,0.0,129.50948454527762
2024-01-10,127.67221205919368,114.36877721814975,153.0455731434376,127.67221205919368,127.67221205919368,5.627404154404836,5.627404154404836,5.627404154404836,3.269522343396109,3.269522343396109,3.269522343396109,2.357881811008727,2.357881811008727,2.357881811008727,0.0,0.0,0.0,133.2996162135985
2024-01-12,127.78004480402991,114.73164939640546,151.51924513453199,127.78004480402991,127.78004480402991,5.845991930229626,5.845991930229626,5.845991930229626,3.471246114112555,3.471246114112555,3.471246114112555,2.3747458161170716,2.3747458161170716,2.3747458161170716,0.0,0.0,0.0,133.62603673425954
2024-01-15,127.94179392128426,110.2070283917864,148.7151204277015,127.94179392128426,127.94179392128426,1.7081472925305807,1.7081472925305807,1.7081472925305807,-0.4100839399354247,-0.4100839399354247,-0.4100839399354247,2.1182312324660058,2.1182312324660058,2.1182312324660058,0.0,0.0,0.0,129.64994121381483
2024-01-17,128.0496266661205,112.97000695441653,151.27766731054936,128.0496266661205,128.0496266661205,4.851028392923224,4.851028392923224,4.851028392923224,3.269522343391315,3.269522343391315,3.269522343391315,1.5815060495319084,1.5815060495319084,1.5815060495319084,0.0,0.0,0.0,132.90065505904371
2024-01-19,128.15745941095673,113.18655122809169,152.4509729580899,128.15745941095673,128.15745941095673,4.108883510925806,4.108883510925806,4.108883510925806,3.4712461141201327,3.4712461141201327,3.4712461141201327,0.6376373968056738,0.6376373968056738,0.6376373968056738,0.0,0.0,0.0,132.26634292188254
2024-01-22,128.3192085282111,106.61389886290505,145.03773163951948,128.3192085282111,128.3192085282111,-2.070734055896756,-2.070734055896756,-2.070734055896756,-0.41008393993012227,-0.41008393993012227,-0.41008393993012227,-1.6606501159666338,-1.6606501159666338,-1.6606501159666338,0.0,0.0,0.0,126.24847447231436
2024-01-24,128.42704127304734,109.65760409429592,146.2002090068344,128.42704127304734,128.42704127304734,-0.5179875279504013,-0.5179875279504013,-0.5179875279504013,3.2695223433923974,3.2695223433923974,3.2695223433923974,-3.787509871342799,-3.787509871342799,-3.787509871342799,0.0,0.0,0.0,127.90905374509694
2024-01-29,128.6966231351379,98.05496021059764,136.46850121724776,128.6966231351379,128.6966231351379,-11.113100711846728,-11.113100711846728,-11.113100711846728,-0.41008393993129494,-0.41008393993129494,-0.41008393993129494,-10.703016771915433,-10.703016771915433,-10.703016771915433,0.0,0.0,0.0,117.58352242329119
2024-02-16,129.76203021961646,89.7516981933093,127.76691833890975,129.76203021961646,129.76203021961646,-20.64419671189854,-20.64419671189854,-20.64419671189854,3.4712461141215756,3.4712461141215756,3.4712461141215756,-24.115442826020118,-24.115442826020118,-24.115442826020118,0.0,0.0,0.0,109.11783350771792
2024-02-21,130.0579766319716,93.93332167944592,131.72613594800856,130.0579766319716,130.0579766319716,-16.533833580957097,-16.533833580957097,-16.533833580957097,3.269522343385839,3.269522343385839,3.269522343385839,-19.803355924342934,-19.803355924342934,-19.803355924342934,0.0,0.0,0.0,113.5241430510145
2024-02-23,130.17635519691368,97.72882509115213,134.69938070460665,130.17635519691368,130.17635519691368,-14.154539669624294,-14.154539669624294,-14.154539669624294,3.471246114108629,3.471246114108629,3.471246114108629,-17.625785783732923,-17.625785783732923,-17.625785783732923,0.0,0.0,0.0,116.02181552728938
2024-02-26,130.35392304432673,95.47851010426798,135.30750472313338,130.35392304432673,130.35392304432673,-14.77486985198313,-14.77486985198313,-14.77486985198313,-0.4100839399282135,-0.4100839399282135,-0.4100839399282135,-14.364785912054916,-14.364785912054916,-14.364785912054916,0.0,0.0,0.0,115.57905319234361
2024-02-28,130.4723016092688,102.5012475880424,139.84424817402441,130.4723016092688,130.4723016092688,-9.125532033408705,-9.125532033408705,-9.125532033408705,3.2695223433932297,3.2695223433932297,3.2695223433932297,-12.395054376801935,-12.395054376801935,-12.395054376801935,0.0,0.0,0.0,121.34676957586011
2024-03-01,130.59068017421086,103.58079941314962,143.03185862963664,130.59068017421086,130.59068017421086,-7.239381328708523,-7.239381328708523,-7.239381328708523,3.471246114116207,3.471246114116207,3.471246114116207,-10.710627442824732,-10.710627442824732,-10.710627442824732,0.0,0.0,0.0,123.35129884550234
2024-03-04,130.76824802162395,100.91400517338913,142.19209601804187,130.76824802162395,130.76824802162395,-9.253891800237092,-9.253891800237092,-9.253891800237092,-0.4100839399410398,-0.4100839399410398,-0.4100839399410398,-8.843807860296051,-8.843807860296051,-8.843807860296051,0.0,0.0,0.0,121.51435622138686
2024-03-06,130.886626586566,107.03858712504554,145.6653807383274,130.886626586566,130.886626586566,-4.786671166117365,-4.786671166117365,-4.786671166117365,3.2695223434010523,3.2695223434010523,3.2695223434010523,-8.056193509518419,-8.056193509518419,-8.056193509518419,0.0,0.0,0.0,126.09995542044862
2024-03-08,131.01411070706362,108.48348840483797,146.33198415423587,131.01411070706362,131.01411070706362,-4.127948281983339,-4.127948281983339,-4.127948281983339,3.471246114113522,3.471246114113522,3.471246114113522,-7.59919439609686,-7.59919439609686,-7.59919439609686,0.0,0.0,0.0,126.88616242508029
2024-03-11,131.20533688781003,103.46230400426121,141.5633384129442,131.20533688781003,131.20533688781003,-7.801162631517335,-7.801162631517335,-7.801162631517335,-0.4100839399357374,-0.4100839399357374,-0.4100839399357374,-7.3910786915815985,-7.3910786915815985,-7.3910786915815985,0.0,0.0,0.0,123.4041742562927
2024-03-13,131.33282100830766,108.12935223849075,144.0725287167682,131.33282100830766,131.33282100830766,-4.180241251793588,-4.180241251793588,-4.180241251793588,3.2695223433962584,3.2695223433962584,3.2695223433962584,-7.449763595189847,-7.449763595189847,-7.449763595189847,0.0,0.0,0.0,127.15257975651407
2024-03-15,131.46030512880526,107.52259522130349,146.73147069715444,131.46030512880526,131.46030512880526,-4.094653678883081,-4.094653678883081,-4.094653678883081,3.471246114121101,3.471246114121101,3.471246114121101,-7.565899793004183,-7.565899793004183,-7.565899793004183,0.0,0.0,0.0,127.36565144992218
2024-03-18,131.6515313095517,105.50502716878347,143.69729980491294,131.6515313095517,131.6515313095517,-8.097551237878791,-8.097551237878791,-8.097551237878791,-0.41008393993691006,-0.41008393993691006,-0.41008393993691006,-7.687467297941882,-7.687467297941882,-7.687467297941882,0.0,0.0,0.0,123.55398007167291
2024-03-20,131.7790154300493,107.36694040281299,146.6738042687959,131.7790154300493,131.7790154300493,-4.390863425522595,-4.390863425522595,-4.390863425522595,3.2695223433914644,3.2695223433914644,3.2695223433914644,-7.66038576891406,-7.66038576891406,-7.66038576891406,0.0,0.0,0.0,127.3881520045267
2024-03-22,131.90649955054693,110.2430314527528,147.36759146286704,131.90649955054693,131.90649955054693,-4.051526559972269,-4.051526559972269,-4.051526559972269,3.4712461141184168,3.4712461141184168,3.4712461141184168,-7.522772674090687,-7.522772674090687,-7.522772674090687,0.0,0.0,0.0,127.85497299057465
2024-03-25,132.09772573129334,105.60429850515142,143.59559422389435,132.09772573129334,132.09772573129334,-7.5483689030652386,-7.5483689030652386,-7.5483689030652386,-0.4100839399316071,-0.4100839399316071,-0.4100839399316071,-7.138284963133633,-7.138284963133633,-7.138284963133633,0.0,0.0,0.0,124.5493568282281
2024-03-27,132.2338336084047,108.96814409470788,149.01790867569733,132.2338336084047,132.2338336084047,-3.550981221179784,-3.550981221179784,-3.550981221179784,3.269522343392979,3.269522343392979,3.269522343392979,-6.820503564572763,-6.820503564572763,-6.820503564572763,0.0,0.0,0.0,128.6828523872249
2024-04-01,132.57410330118313,108.54966473562295,145.14480819784734,132.57410330118313,132.57410330118313,-6.646362203506103,-6.646362203506103,-6.646362203506103,-0.4100839399444338,-0.4100839399444338,-0.4100839399444338,-6.23627826356167,-6.23627826356167,-6.23627826356167,0.0,0.0,0.0,125.92774109767703
2024-04-03,132.71021117829451,110.62599664997803,147.88317102217223,132.71021117829451,132.71021117829451,-2.9692017120654044,-2.9692017120654044,-2.9692017120654044,3.2695223433877527,3.2695223433877527,3.2695223433877527,-6.238724055453157,-6.238724055453157,-6.238724055453157,0.0,0.0,0.0,129.74100946622912
2024-04-05,132.84631905540587,110.8536473850954,149.18887906314575,132.84631905540587,132.84631905540587,-2.964890588515939,-2.964890588515939,-2.964890588515939,3.471246114114965,3.471246114114965,3.471246114114965,-6.436136702630904,-6.436136702630904,-6.436136702630904,0.0,0.0,0.0,129.88142846688993
2024-04-08,133.05048087107295,105.48361319188629,143.8150560866857,133.05048087107295,133.05048087107295,-7.521877434796393,-7.521877434796393,-7.521877434796393,-0.4100839399210018,-0.4100839399210018,-0.4100839399210018,-7.11179349487539,-7.11179349487539,-7.11179349487539,0.0,0.0,0.0,125.52860343627655
2024-04-10,133.1865887481843,110.35448599213282,148.2685438418237,133.1865887481843,133.1865887481843,-4.511569580705957,-4.511569580705957,-4.511569580705957,3.2695223433955762,3.2695223433955762,3.2695223433955762,-7.781091924101534,-7.781091924101534,-7.781091924101534,0.0,0.0,0.0,128.67501916747835
2024-04-12,133.3226966252957,108.53778267425263,147.47654093236133,133.3226966252957,133.3226966252957,-5.094383171367369,-5.094383171367369,-5.094383171367369,3.471246114112281,3.471246114112281,3.471246114112281,-8.565629285479648,-8.565629285479648,-8.565629285479648,0.0,0.0,0.0,128.2283134539283
2024-04-15,133.5268584409627,103.84649486494519,143.55682528391495,133.5268584409627,133.5268584409627,-10.205913506552408,-10.205913506552408,-10.205913506552408,-0.4100839399338284,-0.4100839399338284,-0.4100839399338284,-9.79582956661858,-9.79582956661858,-9.79582956661858,0.0,0.0,0.0,123.3209449344103
2024-04-17,133.6629663180741,106.74537299081254,143.8870425756397,133.6629663180741,133.6629663180741,-7.259233503059362,-7.259233503059362,-7.259233503059362,3.2695223433907823,3.2695223433907823,3.2695223433907823,-10.528755846450142,-10.528755846450142,-10.528755846450142,0.0,0.0,0.0,126.40373281501473
2024-04-19,133.79907419518545,107.00084862527939,145.21640198262585,133.79907419518545,133.79907419518545,-7.624799265273505,-7.624799265273505,-7.624799265273505,3.471246114111514,3.471246114111514,3.471246114111514,-11.096045379385018,-11.096045379385018,-11.096045379385018,0.0,0.0,0.0,126.17427492991195
2024-04-22,134.0032360108525,101.85917098197999,143.66391149937468,134.0032360108525,134.0032360108525,-11.90268071696728,-11.90268071696728,-11.90268071696728,-0.41008393994665493,-0.41008393994665493,-0.41008393994665493,-11.492596777020625,-11.492596777020625,-11.492596777020625,0.0,0.0,0.0,122.10055529388522
2024-04-24,134.1393438879639,106.54681284646203,144.9894450587927,134.1393438879639,134.1393438879639,-8.125509545227477,-8.125509545227477,-8.125509545227477,3.269522343392296,3.269522343392296,3.269522343392296,-11.395031888619776,-11.395031888619776,-11.395031888619776,0.0,0.0,0.0,126.01383434273642
2024-04-26,134.27545176507527,107.49554146831653,146.14546133483142,134.27545176507527,134.27545176507527,-7.525929122666152,-7.525929122666152,-7.525929122666152,3.471246114119092,3.471246114119092,3.471246114119092,-10.997175236785246,-10.997175236785246,-10.997175236785246,0.0,0.0,0.0,126.74952264240912
2024-04-29,134.47961358074232,104.66381939555478,143.28879832966786,134.47961358074232,134.47961358074232,-10.306720217185683,-10.306720217185683,-10.306720217185683,-0.4100839399296982,-0.4100839399296982,-0.4100839399296982,-9.896636277255984,-9.896636277255984,-9.896636277255984,0.0,0.0,0.0,124.17289336355664
2024-05-03,134.75182933496507,111.60424061009495,149.46116680474583,134.75182933496507,134.75182933496507,-4.335686559296564,-4.335686559296564,-4.335686559296564,3.4712461141061453,3.4712461141061453,3.4712461141061453,-7.8069326734027085,-7.8069326734027085,-7.8069326734027085,0.0,0.0,0.0,130.4161427756685
2024-05-08,135.09209902774347,113.0091082362708,152.25806786607203,135.09209902774347,135.09209902774347,-1.8509295266126626,-1.8509295266126626,-1.8509295266126626,3.2695223433953258,3.2695223433953258,3.2695223433953258,-5.120451870007988,-5.120451870007988,-5.120451870007988,0.0,0.0,0.0,133.2411695011308
2024-05-10,135.22820690485486,114.15385364554511,153.70876786677258,135.22820690485486,135.22820690485486,-0.8018566848343515,-0.8018566848343515,-0.8018566848343515,3.471246114113724,3.471246114113724,3.471246114113724,-4.273102798948075,-4.273102798948075,-4.273102798948075,0.0,0.0,0.0,134.4263502200205
2024-05-13,135.4323687205219,111.26744404396136,150.14238778277542,135.4323687205219,135.4323687205219,-3.8066940253095685,-3.8066940253095685,-3.8066940253095685,-0.41008393991909287,-0.41008393991909287,-0.41008393991909287,-3.396610085390476,-3.396610085390476,-3.396610085390476,0.0,0.0,0.0,131.62567469521233
2024-05-15,135.56847659763326,116.97934113773276,154.64599240292605,135.56847659763326,135.56847659763326,0.1797634153550004,0.1797634153550004,0.1797634153550004,3.269522343390532,3.269522343390532,3.269522343390532,-3.0897589280355313,-3.0897589280355313,-3.0897589280355313,0.0,0.0,0.0,135.74824001298828
2024-05-17,135.70458447474465,116.84838670794937,156.43189624815204,135.70458447474465,135.70458447474465,0.4900292346360012,0.4900292346360012,0.4900292346360012,3.471246114121302,3.471246114121302,3.471246114121302,-2.981216879485301,-2.981216879485301,-2.981216879485301,0.0,0.0,0.0,136.19461370938066
2024-05-20,135.9087462904117,112.27670622323139,151.8068905527466,135.9087462904117,135.9087462904117,-3.494673910167021,-3.494673910167021,-3.494673910167021,-0.41008393993191966,-0.41008393993191966,-0.41008393993191966,-3.084589970235102,-3.084589970235102,-3.084589970235102,0.0,0.0,0.0,132.41407238024468
2024-05-22,136.04485416752308,117.92296420131079,155.96518641089423,136.04485416752308,136.04485416752308,0.032322992539006806,0.032322992539006806,0.032322992539006806,3.269522343391614,3.269522343391614,3.269522343391614,-3.237199350852608,-3.237199350852608,-3.237199350852608,0.0,0.0,0.0,136.0771771600621
2024-05-27,136.38512386030152,113.29459018200399,151.29545832563656,136.38512386030152,136.38512386030152,-3.833148939392202,-3.833148939392202,-3.833148939392202,-0.410083939933092,-0.410083939933092,-0.410083939933092,-3.42306499945911,-3.42306499945911,-3.42306499945911,0.0,0.0,0.0,132.55197492090932
2024-05-29,136.52123173741288,118.1851998531864,156.45653671195606,136.52123173741288,136.52123173741288,-0.015026308514212744,-0.015026308514212744,-0.015026308514212744,3.26952234338682,3.26952234338682,3.26952234338682,-3.2845486519010327,-3.2845486519010327,-3.2845486519010327,0.0,0.0,0.0,136.50620542889865
2024-05-31,136.65733961452423,118.76590572658563,156.53570480653863,136.65733961452423,136.65733961452423,0.4824862374042457,0.4824862374042457,0.4824862374042457,3.4712461141159334,3.4712461141159334,3.4712461141159334,-2.9887598767116876,-2.9887598767116876,-2.9887598767116876,0.0,0.0,0.0,137.1398258519285
2024-06-03,136.8615014301913,115.07212188448793,153.69162824219748,136.8615014301913,136.8615014301913,-2.6880338115732054,-2.6880338115732054,-2.6880338115732054,-0.4100839399459186,-0.4100839399459186,-0.4100839399459186,-2.277949871627287,-2.277949871627287,-2.277949871627287,0.0,0.0,0.0,134.1734676186181
2024-06-05,136.99760930730267,119.03427102578986,157.421287194752,136.99760930730267,136.99760930730267,1.5880053847425455,1.5880053847425455,1.5880053847425455,3.2695223433946428,3.2695223433946428,3.2695223433946428,-1.6815169586520975,-1.6815169586520975,-1.6815169586520975,0.0,0.0,0.0,138.58561469204523
2024-06-07,137.13371718441405,120.84917097144634,158.77630840474808,137.13371718441405,137.13371718441405,2.4179399627750517,2.4179399627750517,2.4179399627750517,3.4712461141151665,3.4712461141151665,3.4712461141151665,-1.0533061513401143,-1.0533061513401143,-1.0533061513401143,0.0,0.0,0.0,139.5516571471891
2024-06-10,137.3378790000811,115.39576034813771,154.90362384652494,137.3378790000811,137.3378790000811,-0.6048856681648437,-0.6048856681648437,-0.6048856681648437,-0.41008393994061604,-0.41008393994061604,-0.41008393994061604,-0.19480172822422767,-0.19480172822422767,-0.19480172822422767,0.0,0.0,0.0,136.73299333191625
2024-06-14,137.61009475430384,123.06922026084239,161.00335844802746,137.61009475430384,137.61009475430384,3.9641733117233646,3.9641733117233646,3.9641733117233646,3.471246114122745,3.471246114122745,3.471246114122745,0.49292719760061976,0.49292719760061976,0.49292719760061976,0.0,0.0,0.0,141.5742680660272
2024-06-21,138.08647232419364,121.92135841082829,161.67382439948037,138.08647232419364,138.08647232419364,3.5163209479465656,3.5163209479465656,3.5163209479465656,3.471246114120061,3.471246114120061,3.471246114120061,0.04507483382650528,0.04507483382650528,0.04507483382650528,0.0,0.0,0.0,141.6027932721402
2024-06-26,138.42674201697207,123.89707950944073,160.91494612919286,138.42674201697207,138.42674201697207,2.5571670479441373,2.5571670479441373,2.5571670479441373,3.2695223433924463,3.2695223433924463,3.2695223433924463,-0.7123552954483087,-0.7123552954483087,-0.7123552954483087,0.0,0.0,0.0,140.98390906491622
2024-06-28,138.56284989408343,121.31655231716212,162.1020167393818,138.56284989408343,138.56284989408343,2.689103222046324,2.689103222046324,2.689103222046324,3.471246114117376,3.471246114117376,3.471246114117376,-0.7821428920710525,-0.7821428920710525,-0.7821428920710525,0.0,0.0,0.0,141.25195311612976
2024-07-01,138.7670117097505,119.0937261520877,158.58479507919387,138.7670117097505,138.7670117097505,-0.7971358042851144,-0.7971358042851144,-0.7971358042851144,-0.4100839399428373,-0.4100839399428373,-0.4100839399428373,-0.3870518643422774,-0.3870518643422774,-0.3870518643422774,0.0,0.0,0.0,137.9698759054654
2024-07-05,139.03922746397325,124.70042859079255,162.34929061398827,139.03922746397325,139.03922746397325,4.7558235791461,4.7558235791461,4.7558235791461,3.4712461141146913,3.4712461141146913,3.4712461141146913,1.2845774650314088,1.2845774650314088,1.2845774650314088,0.0,0.0,0.0,143.79505104311934
2024-07-08,139.2433892796403,124.16219280705147,160.28389597524952,139.2433892796403,139.2433892796403,2.938686529933428,2.938686529933428,2.938686529933428,-0.41008393991940506,-0.41008393991940506,-0.41008393991940506,3.348770469852833,3.348770469852833,3.348770469852833,0.0,0.0,0.0,142.18207580957372
2024-07-10,139.37949715675165,128.33182904438178,166.7423099525447,139.37949715675165,139.37949715675165,8.258520354712411,8.258520354712411,8.258520354712411,3.269522343395475,3.269522343395475,3.269522343395475,4.9889980113169345,4.9889980113169345,4.9889980113169345,0.0,0.0,0.0,147.63801751146406
2024-07-12,139.515605033863,130.6288022627205,167.38591088742888,139.515605033863,139.515605033863,10.187622238752086,10.187622238752086,10.187622238752086,3.47124611412227,3.47124611412227,3.47124611412227,6.716376124629815,6.716376124629815,6.716376124629815,0.0,0.0,0.0,149.7032272726151
2024-07-15,139.71976684953006,129.00999313386114,167.0988726351601,139.71976684953006,139.71976684953006,8.781295757547717,8.781295757547717,8.781295757547717,-0.4100839399387071,-0.4100839399387071,-0.4100839399387071,9.191379697486424,9.191379697486424,9.191379697486424,0.0,0.0,0.0,148.50106260707778
2024-07-17,139.85587472664145,134.4154401065099,172.19927705716398,139.85587472664145,139.85587472664145,13.843781789285718,13.843781789285718,13.843781789285718,3.2695223433906815,3.2695223433906815,3.2695223433906815,10.574259445895038,10.574259445895038,10.574259445895038,0.0,0.0,0.0,153.69965651592716
2024-07-19,139.99198260375283,134.8692171679888,174.14210045959265,139.99198260375283,139.99198260375283,15.079381186071435,15.079381186071435,15.079381186071435,3.4712461141093227,3.4712461141093227,3.4712461141093227,11.608135071962113,11.608135071962113,11.608135071962113,0.0,0.0,0.0,155.07136378982426
2024-07-22,140.19614441941988,133.45446213441602,171.62467245359352,140.19614441941988,140.19614441941988,11.914738004267361,11.914738004267361,11.914738004267361,-0.4100839399334044,-0.4100839399334044,-0.4100839399334044,12.324821944200766,12.324821944200766,12.324821944200766,0.0,0.0,0.0,152.11088242368723
2024-07-24,140.33225229653127,137.18255894047334,174.41726799819315,140.33225229653127,140.33225229653127,15.458293431353848,15.458293431353848,15.458293431353848,3.269522343392196,3.269522343392196,3.269522343392196,12.188771087961653,12.188771087961653,12.188771087961653,0.0,0.0,0.0,155.7905457278851
2024-07-26,140.46836017364262,136.60632681395847,174.93574380364512,140.46836017364262,140.46836017364262,15.042842399099609,15.042842399099609,15.042842399099609,3.4712461141188187,3.4712461141188187,3.4712461141188187,11.571596284980792,11.571596284980792,11.571596284980792,0.0,0.0,0.0,155.51120257274223
2024-07-29,140.67252198930967,130.73738209452378,170.57351872931625,140.67252198930967,140.67252198930967,9.466722336023615,9.466722336023615,9.466722336023615,-0.410083939946231,-0.410083939946231,-0.410083939946231,9.876806275969845,9.876806275969845,9.876806275969845,0.0,0.0,0.0,150.1392443253333
2024-07-31,140.80862986642103,133.46358763598852,172.6972550028412,140.80862986642103,140.80862986642103,11.64929848289909,11.64929848289909,11.64929848289909,3.269522343393278,3.269522343393278,3.269522343393278,8.379776139505811,8.379776139505811,8.379776139505811,0.0,0.0,0.0,152.45792834932013
2024-08-02,140.94473774353241,132.39307512973923,169.9750715032542,140.94473774353241,140.94473774353241,10.206998677094571,10.206998677094571,10.206998677094571,3.4712461141058712,3.4712461141058712,3.4712461141058712,6.735752562988699,6.735752562988699,6.735752562988699,0.0,0.0,0.0,151.15173642062697
2024-08-05,141.14889955919946,125.59458842110784,164.73361030215312,141.14889955919946,141.14889955919946,3.8786340431358117,3.8786340431358117,3.8786340431358117,-0.41008393995905745,-0.41008393995905745,-0.41008393995905745,4.28871798309487,4.28871798309487,4.28871798309487,0.0,0.0,0.0,145.02753360233527
2024-08-07,141.28500743631082,128.31301904156163,166.29799137393937,141.28500743631082,141.28500743631082,6.11961140567344,6.11961140567344,6.11961140567344,3.269522343394793,3.269522343394793,3.269522343394793,2.8500890622786477,2.8500890622786477,2.8500890622786477,0.0,0.0,0.0,147.40461884198427
2024-08-08,141.35306137486654,122.38044506514805,161.82826150314398,141.35306137486654,141.35306137486654,0.6435111011509744,0.6435111011509744,0.6435111011509744,-1.5826760000004054,-1.5826760000004054,-1.5826760000004054,2.2261871011513805,2.2261871011513805,2.2261871011513805,0.0,0.0,0.0,141.99657247601752
2024-08-09,141.4211153134222,128.0173102693957,166.09477197858484,141.4211153134222,141.4211153134222,5.1490142453479555,5.1490142453479555,5.1490142453479555,3.471246114113449,3.471246114113449,3.471246114113449,1.6777681312345059,1.6777681312345059,1.6777681312345059,0.0,0.0,0.0,146.57012955877016
2024-08-10,141.4891692519779,121.24600530141288,160.197789328159,141.4891692519779,141.4891692519779,-0.3720291314100549,-0.3720291314100549,-0.3720291314100549,-1.5826725539883564,-1.5826725539883564,-1.5826725539883564,1.2106434225783014,1.2106434225783014,1.2106434225783014,0.0,0.0,0.0,141.11714012056785
2024-08-11,141.5572231905336,121.20221823892966,162.01538981230635,141.5572231905336,141.5572231905336,-0.7546974305176012,-0.7546974305176012,-0.7546974305176012,-1.5826644956150882,-1.5826644956150882,-1.5826644956150882,0.8279670650974869,0.8279670650974869,0.8279670650974869,0.0,0.0,0.0,140.80252576001598
2024-08-12,141.62527712908926,122.7032697578461,161.84449368513606,141.62527712908926,141.62527712908926,0.12008824846327648,0.12008824846327648,0.12008824846327648,-0.4100839399239717,-0.4100839399239717,-0.4100839399239717,0.5301721883872482,0.5301721883872482,0.5301721883872482,0.0,0.0,0.0,141.74536537755253
2024-08-13,141.69333106764495,120.89660378502792,158.75341259535776,141.69333048939868,141.69333106764495,-1.267686766320744,-1.267686766320744,-1.267686766320744,-1.5826714679751983,-1.5826714679751983,-1.5826714679751983,0.31498470165445436,0.31498470165445436,0.31498470165445436,0.0,0.0,0.0,140.4256443013242
2024-08-14,141.76138500620064,125.0709296117717,164.1369470510443,141.76080312267374,141.76157712536147,3.4470367429743165,3.4470367429743165,3.4470367429743165,3.269522343389999,3.269522343389999,3.269522343389999,0.17751439958431792,0.17751439958431792,0.17751439958431792,0.0,0.0,0.0,145.20842174917496
2024-08-15,141.82943894475633,121.47462086376329,160.30215671964385,141.82823796105842,141.8306042750274,-1.4722549032154106,-1.4722549032154106,-1.4722549032154106,-1.5826759999995519,-1.5826759999995519,-1.5826759999995519,0.11042109678414162,0.11042109678414162,0.11042109678414162,0.0,0.0,0.0,140.35718404154093
2024-08-16,141.89749288331203,126.14476189541702,164.5877650587474,141.89530331587812,141.89974271707953,3.5753974426498005,3.5753974426498005,3.5753974426498005,3.4712461141126827,3.4712461141126827,3.4712461141126827,0.10415132853711724,0.10415132853711724,0.10415132853711724,0.0,0.0,0.0,145.47289032596183
2024-08-17,141.9655468218677,120.94165067582065,159.11738416927034,141.96177724172875,141.96859587458943,-1.4354334047861574,-1.4354334047861574,-1.4354334047861574,-1.582672554002492,-1.582672554002492,-1.582672554002492,0.1472391492163348,0.1472391492163348,0.1472391492163348,0.0,0.0,0.0,140.53011341708154
2024-08-18,142.03360076042338,121.18014856893097,158.99938916661483,142.02856810610353,142.03861713285096,-1.3560017661402128,-1.3560017661402128,-1.3560017661402128,-1.58266449561997,-1.58266449561997,-1.58266449561997,0.22666272947975694,0.22666272947975694,0.22666272947975694,0.0,0.0,0.0,140.67759899428316
2024-08-19,142.10165469897908,123.10610505227751,161.76729324789576,142.09488314917638,142.10805180632943,-0.0818370885744816,-0.0818370885744816,-0.0818370885744816,-0.4100839399186688,-0.4100839399186688,-0.4100839399186688,0.3282468513441875,0.3282468513441875,0.3282468513441875,0.0,0.0,0.0,142.0198176104046
2024-08-20,142.16970863753474,121.3561505632691,159.51145580457506,142.16027395309754,142.17813112825144,-1.1455713952278295,-1.1455713952278295,-1.1455713952278295,-1.5826714679639045,-1.5826714679639045,-1.5826714679639045,0.4371000727360749,0.4371000727360749,0.4371000727360749,0.0,0.0,0.0,141.02413724230692
2024-08-21,142.23776257609043,126.9507664545136,164.84971887090023,142.2267036559993,142.24742658220362,3.8075966615542196,3.8075966615542196,3.8075966615542196,3.269522343391513,3.269522343391513,3.269522343391513,0.5380743181627068,0.5380743181627068,0.5380743181627068,0.0,0.0,0.0,146.04535923764465
2024-08-22,142.3058165146461,124.26039096779532,161.2572340384025,142.29227702761725,142.31730020803087,-0.9664420204610571,-0.9664420204610571,-0.9664420204610571,-1.5826760000006483,-1.5826760000006483,-1.5826760000006483,0.616233979539591,0.616233979539591,0.616233979539591,0.0,0.0,0.0,141.33937449418505
2024-08-23,142.3738704532018,126.7834869337126,166.4964932857773,142.35711944851136,142.38728509409015,4.128567414609531,4.128567414609531,4.128567414609531,3.4712461141099986,3.4712461141099986,3.4712461141099986,0.6573213004995326,0.6573213004995326,0.6573213004995326,0.0,0.0,0.0,146.50243786781132
2024-08-24,142.44192439175748,121.86982387321284,161.51211465644465,142.42269333277468,142.45758210068462,-0.9344676755808882,-0.9344676755808882,-0.9344676755808882,-1.5826725539840312,-1.5826725539840312,-1.5826725539840312,0.6482048784031427,0.6482048784031427,0.6482048784031427,0.0,0.0,0.0,141.5074567161766
2024-08-25,142.50997833031315,121.77596983700417,159.95932576236706,142.48802027477655,142.5277621887808,-1.0053659457318371,-1.0053659457318371,-1.0053659457318371,-1.5826644956057452,-1.5826644956057452,-1.5826644956057452,0.5772985498739086,0.5772985498739086,0.5772985498739086,0.0,0.0,0.0,141.50461238458132
2024-08-26,142.57803226886887,123.00016169648964,161.29538750188726,142.55359586075028,142.5978162824342,0.024854776254014655,0.024854776254014655,0.024854776254014655,-0.4100839399314957,-0.4100839399314957,-0.4100839399314957,0.43493871618551017,0.43493871618551017,0.43493871618551017,0.0,0.0,0.0,142.60288704512288
2024-08-27,142.64608620742453,121.54444237118966,160.5164134469261,142.62014897301268,142.6676278445984,-1.3689621749659246,-1.3689621749659246,-1.3689621749659246,-1.5826714679706853,-1.5826714679706853,-1.5826714679706853,0.2137092930047604,0.2137092930047604,0.2137092930047604,0.0,0.0,0.0,141.2771240324586
2024-08-28,142.7141401459802,126.30291831435166,164.70604793357813,142.68586772926022,142.737814681873,3.17822724643459,3.17822724643459,3.17822724643459,3.2695223433867193,3.2695223433867193,3.2695223433867193,-0.09129509695212898,-0.09129509695212898,-0.09129509695212898,0.0,0.0,0.0,145.8923673924148
2024-08-29,142.78219408453592,123.50666793649981,161.54971982007513,142.75168498836416,142.80879575165378,-2.064951369499735,-2.064951369499735,-2.064951369499735,-1.5826759999997948,-1.5826759999997948,-1.5826759999997948,-0.48227536949994027,-0.48227536949994027,-0.48227536949994027,0.0,0.0,0.0,140.71724271503618
2024-08-30,142.85024802309158,125.97991660198011,165.1671074734709,142.81688743949695,142.8790349648495,2.5126366888817318,2.5126366888817318,2.5126366888817318,3.471246114107314,3.471246114107314,3.471246114107314,-0.9586094252255826,-0.9586094252255826,-0.9586094252255826,0.0,0.0,0.0,145.36288471197332
2024-08-31,142.9183019616473,120.90178346755206,159.69075958443256,142.88195629539007,142.9486115685067,-3.099485029374989,-3.099485029374989,-3.099485029374989,-1.5826725539981663,-1.5826725539981663,-1.5826725539981663,-1.516812475376823,-1.516812475376823,-1.516812475376823,0.0,0.0,0.0,139.8188169322723
2024-09-01,142.98635590020297,119.9110554282038,158.63311385166304,142.9472597522461,143.0188888817864,-3.7332422323951926,-3.7332422323951926,-3.7332422323951926,-1.5826644956106268,-1.5826644956106268,-1.5826644956106268,-2.150577736784567,-2.150577736784567,-2.150577736784567,0.0,0.0,0.0,139.25311366780778
2024-09-02,143.05440983875866,120.92984436164745,157.34819396457883,143.01288245472188,143.08958314338784,-3.2609806908406243,-3.2609806908406243,-3.2609806908406243,-0.4100839399443221,-0.4100839399443221,-0.4100839399443221,-2.850896750896303,-2.850896750896303,-2.850896750896303,0.0,0.0,0.0,139.79342914791803
2024-09-03,143.12246377731435,117.99230936354896,157.7175549254668,143.0770740919039,143.15987074813603,-5.188927833984425,-5.188927833984425,-5.188927833984425,-1.5826714679729528,-1.5826714679729528,-1.5826714679729528,-3.6062563660114733,-3.6062563660114733,-3.6062563660114733,0.0,0.0,0.0,137.93353594332993
2024-09-04,143.19051771587002,121.45367441832815,160.69488433965927,143.14124841843892,143.2309753952249,-1.1333849426002252,-1.1333849426002252,-1.1333849426002252,3.2695223433945424,3.2695223433945424,3.2695223433945424,-4.402907285994768,-4.402907285994768,-4.402907285994768,0.0,0.0,0.0,142.05713277326979
2024-09-05,143.25857165442574,116.89217980730292,154.99288345264878,143.20316796109887,143.3029077706125,-6.8078730937790235,-6.8078730937790235,-6.8078730937790235,-1.582675999998941,-1.582675999998941,-1.582675999998941,-5.225197093780083,-5.225197093780083,-5.225197093780083,0.0,0.0,0.0,136.4506985606467
2024-09-06,143.3266255929814,122.05280676915386,159.82666021354996,143.26567856829243,143.3749391241227,-2.584712744988564,-2.584712744988564,-2.584712744988564,3.4712461141148925,3.4712461141148925,3.4712461141148925,-6.055958859103457,-6.055958859103457,-6.055958859103457,0.0,0.0,0.0,140.74191284799284
